{
   "Container": "ts",
   "Name": "HLS 270 - 365",
   "Description": "Preset based on Apple recommendations",
   "Video": {
      "SizingPolicy": "ShrinkToFit",
      "MaxWidth": "480",
      "PaddingPolicy": "NoPad",
      "MaxFrameRate": "15",
      "FrameRate": "auto",
      "MaxHeight": "270",
      "KeyframesMaxDist": "30",
      "FixedGOP": "true",
      "Codec": "H.264",
      "Watermarks": [
        {
          "Id" : "VOD",
          "HorizontalAlign": "Right",
          "HorizontalOffset": "10%",
          "MaxHeight": "10%",
          "MaxWidth": "10%",
          "Opacity": "100",
          "SizingPolicy": "ShrinkToFit",
          "Target": "Content",
          "VerticalAlign": "Bottom",
          "VerticalOffset": "10%"
        }
      ],
      "CodecOptions": {
         "Profile": "high",
         "MaxReferenceFrames": "3",
         "ColorSpaceConversionMode": "None",
         "InterlacedMode": "Progressive",
         "Level": "4.1"
      },
      "BitRate": "365",
      "DisplayAspectRatio": "auto"
   },
   "Audio": {
      "Channels": "2",
      "CodecOptions": {
         "Profile": "AAC-LC"
      },
      "SampleRate": "48000",
      "Codec": "AAC",
      "BitRate": "64"
   },
   "Thumbnails": {
      "SizingPolicy": "ShrinkToFit",
      "MaxWidth": "480",
      "Format": "png",
      "PaddingPolicy": "NoPad",
      "Interval": "60",
      "MaxHeight": "270"
   }
}
