{
  "Name": "-dash_audio",
  "Category": "DASH",
  "Description": "128kps, 48Khz",
  "Settings": {
    "ContainerSettings": {
      "Container": "MPD"
    },
    "AudioDescriptions": [{
      "AudioSourceName": "Audio Selector 1",
      "CodecSettings": {
        "Codec": "AAC",
        "AacSettings": {
          "Specification": "MPEG4",
          "RateControlMode": "CBR",
          "CodecProfile": "LC",
          "Bitrate": 128000,
          "RawFormat": "NONE",
          "AudioDescriptionBroadcasterMix": "NORMAL",
          "CodingMode": "CODING_MODE_2_0",
          "SampleRate": 48000
        }
      },
      "AudioTypeControl": "FOLLOW_INPUT",
      "LanguageCodeControl": "FOLLOW_INPUT"
    }]
  }
}
