{
  "Name": "-dash_540p",
  "Category": "DASH",
  "Description": "Wifi, 960x540, 16:9, 29.97fps, 3500kbps",
  "Settings": {
    "ContainerSettings": {
      "Container": "MPD"
    },
    "VideoDescription": {
      "ColorMetadata": "INSERT",
      "CodecSettings": {
        "H264Settings": {
          "CodecProfile": "MAIN",
          "HrdBufferInitialFillPercentage": 90,
          "NumberReferenceFrames": 3,
          "ParControl": "SPECIFIED",
          "Softness": 0,
          "TemporalAdaptiveQuantization": "ENABLED",
          "FramerateDenominator": 1001,
          "ParDenominator": 1,
          "Slices": 1,
          "GopSizeUnits": "FRAMES",
          "EntropyEncoding": "CABAC",
          "SceneChangeDetect": "ENABLED",
          "SlowPal": "DISABLED",
          "HrdBufferSize": 5250000,
          "CodecLevel": "LEVEL_3_1",
          "FieldEncoding": "PAFF",
          "QualityTuningLevel": "MULTI_PASS_HQ",
          "UnregisteredSeiTimecode": "DISABLED",
          "Syntax": "DEFAULT",
          "MinIInterval": 0,
          "FlickerAdaptiveQuantization": "DISABLED",
          "ParNumerator": 1,
          "AdaptiveQuantization": "HIGH",
          "GopSize": 90.0,
          "InterlaceMode": "PROGRESSIVE",
          "GopBReference": "DISABLED",
          "GopClosedCadence": 1,
          "FramerateConversionAlgorithm": "DUPLICATE_DROP",
          "RateControlMode": "CBR",
          "RepeatPps": "DISABLED",
          "FramerateControl": "SPECIFIED",
          "Telecine": "NONE",
          "Bitrate": 3500000,
          "FramerateNumerator": 30000,
          "NumberBFramesBetweenReferenceFrames": 2,
          "SpatialAdaptiveQuantization": "ENABLED"
        },
        "Codec": "H_264"
      },
      "TimecodeInsertion": "DISABLED",
      "DropFrameTimecode": "ENABLED",
      "RespondToAfd": "NONE",
      "VideoPreprocessors": {
        "Deinterlacer": {
          "Mode": "DEINTERLACE",
          "Control": "NORMAL",
          "Algorithm": "INTERPOLATE"
        }
      },
      "Height": 540,
      "Width": 940,
      "ScalingBehavior": "DEFAULT",
      "AfdSignaling": "NONE",
      "AntiAlias": "ENABLED",
      "Sharpness": 50
    }
  }
}
