{
  "Description": "Wifi, 1280x720, 16:9, 29.97fps, 5000kpbs",
  "Name": "-dash_720p",
  "Category": "DASH",
  "Settings": {
    "VideoDescription": {
      "DropFrameTimecode": "ENABLED",
      "Height": 720,
      "Width": 1280,
      "ColorMetadata": "INSERT",
      "ScalingBehavior": "DEFAULT",
      "TimecodeInsertion": "DISABLED",
      "RespondToAfd": "NONE",
      "AfdSignaling": "NONE",
      "AntiAlias": "ENABLED",
      "CodecSettings": {
        "Codec": "H_264",
        "H264Settings": {
          "Slices": 1,
          "CodecProfile": "HIGH",
          "UnregisteredSeiTimecode": "DISABLED",
          "GopSize": 90.0,
          "ParNumerator": 1,
          "Softness": 0,
          "FramerateNumerator": 30000,
          "Bitrate": 5000000,
          "SpatialAdaptiveQuantization": "ENABLED",
          "AdaptiveQuantization": "HIGH",
          "NumberBFramesBetweenReferenceFrames": 2,
          "FramerateDenominator": 1001,
          "FlickerAdaptiveQuantization": "DISABLED",
          "ParDenominator": 1,
          "CodecLevel": "LEVEL_4",
          "Syntax": "DEFAULT",
          "QualityTuningLevel": "MULTI_PASS_HQ",
          "HrdBufferSize": 7500000,
          "FieldEncoding": "PAFF",
          "GopClosedCadence": 1,
          "EntropyEncoding": "CABAC",
          "InterlaceMode": "PROGRESSIVE",
          "MinIInterval": 0,
          "SceneChangeDetect": "ENABLED",
          "HrdBufferInitialFillPercentage": 90,
          "SlowPal": "DISABLED",
          "Telecine": "NONE",
          "TemporalAdaptiveQuantization": "ENABLED",
          "NumberReferenceFrames": 3,
          "RepeatPps": "DISABLED",
          "GopSizeUnits": "FRAMES",
          "RateControlMode": "CBR",
          "ParControl": "SPECIFIED",
          "FramerateControl": "SPECIFIED",
          "FramerateConversionAlgorithm": "DUPLICATE_DROP",
          "GopBReference": "DISABLED"
        }
      },
      "Sharpness": 50,
      "VideoPreprocessors": {
        "Deinterlacer": {
          "Control": "NORMAL",
          "Mode": "DEINTERLACE",
          "Algorithm": "INTERPOLATE"
        }
      }
    },
    "ContainerSettings": {
      "Container": "MPD"
    }
  }
}
