{
  "Name": "-dash_270p",
  "Category": "DASH",
  "Description": "Cell, 480x270, 16:9, 14.99fps, 400kbps",
  "Settings": {
    "ContainerSettings": {
      "Container": "MPD"
    },
    "VideoDescription": {
      "AntiAlias": "ENABLED",
      "Height": 270,
      "RespondToAfd": "NONE",
      "ScalingBehavior": "DEFAULT",
      "TimecodeInsertion": "DISABLED",
      "AfdSignaling": "NONE",
      "Sharpness": 50,
      "VideoPreprocessors": {
        "Deinterlacer": {
          "Control": "NORMAL",
          "Mode": "DEINTERLACE",
          "Algorithm": "INTERPOLATE"
        }
      },
      "DropFrameTimecode": "ENABLED",
      "ColorMetadata": "INSERT",
      "Width": 480,
      "CodecSettings": {
        "Codec": "H_264",
        "H264Settings": {
          "UnregisteredSeiTimecode": "DISABLED",
          "Slices": 1,
          "ParControl": "SPECIFIED",
          "GopSize": 90.0,
          "HrdBufferInitialFillPercentage": 90,
          "Softness": 0,
          "Bitrate": 400000,
          "HrdBufferSize": 600000,
          "EntropyEncoding": "CABAC",
          "ParDenominator": 1,
          "QualityTuningLevel": "MULTI_PASS_HQ",
          "NumberBFramesBetweenReferenceFrames": 2,
          "SlowPal": "DISABLED",
          "AdaptiveQuantization": "HIGH",
          "FramerateConversionAlgorithm": "DUPLICATE_DROP",
          "ParNumerator": 1,
          "SpatialAdaptiveQuantization": "ENABLED",
          "FramerateDenominator": 1,
          "FramerateNumerator": 15,
          "TemporalAdaptiveQuantization": "ENABLED",
          "GopClosedCadence": 1,
          "CodecProfile": "MAIN",
          "RepeatPps": "DISABLED",
          "SceneChangeDetect": "ENABLED",
          "MinIInterval": 0,
          "FieldEncoding": "PAFF",
          "RateControlMode": "CBR",
          "Syntax": "DEFAULT",
          "InterlaceMode": "PROGRESSIVE",
          "NumberReferenceFrames": 3,
          "GopSizeUnits": "FRAMES",
          "FramerateControl": "SPECIFIED",
          "GopBReference": "DISABLED",
          "FlickerAdaptiveQuantization": "DISABLED",
          "CodecLevel": "LEVEL_3_1",
          "Telecine": "NONE"
        }
      }
    }
  }
}
