{
  "Description": "HEVC, 1280x720p, 25fps, ABR, 6500kbps",
  "Category": "MP4",
  "Name": "-mp4_360p",
  "Settings": {
    "VideoDescription": {
      "Width": 640,
      "ScalingBehavior": "DEFAULT",
      "Height": 360,
      "VideoPreprocessors": {
        "Deinterlacer": {
          "Algorithm": "INTERPOLATE",
          "Mode": "DEINTERLACE",
          "Control": "NORMAL"
        }
      },
      "TimecodeInsertion": "DISABLED",
      "AntiAlias": "ENABLED",
      "Sharpness": 50,
      "CodecSettings": {
        "Codec": "H_264",
        "H264Settings": {
          "InterlaceMode": "PROGRESSIVE",
          "ParNumerator": 1,
          "NumberReferenceFrames": 3,
          "Syntax": "DEFAULT",
          "Softness": 0,
          "FramerateDenominator": 1,
          "GopClosedCadence": 1,
          "HrdBufferInitialFillPercentage": 90,
          "GopSize": 50,
          "Slices": 4,
          "GopBReference": "ENABLED",
          "HrdBufferSize": 27500000,
          "SlowPal": "DISABLED",
          "ParDenominator": 1,
          "SpatialAdaptiveQuantization": "ENABLED",
          "TemporalAdaptiveQuantization": "ENABLED",
          "FlickerAdaptiveQuantization": "DISABLED",
          "EntropyEncoding": "CABAC",
          "Bitrate": 1500000,
          "FramerateControl": "SPECIFIED",
          "RateControlMode": "CBR",
          "CodecProfile": "MAIN",
          "Telecine": "NONE",
          "FramerateNumerator": 25,
          "MinIInterval": 0,
          "AdaptiveQuantization": "HIGH",
          "CodecLevel": "LEVEL_5",
          "FieldEncoding": "PAFF",
          "SceneChangeDetect": "ENABLED",
          "QualityTuningLevel": "MULTI_PASS_HQ",
          "FramerateConversionAlgorithm": "DUPLICATE_DROP",
          "UnregisteredSeiTimecode": "DISABLED",
          "GopSizeUnits": "FRAMES",
          "ParControl": "INITIALIZE_FROM_SOURCE",
          "NumberBFramesBetweenReferenceFrames": 3,
          "RepeatPps": "DISABLED"
        }
      },
      "AfdSignaling": "NONE",
      "DropFrameTimecode": "ENABLED",
      "RespondToAfd": "NONE",
      "ColorMetadata": "INSERT"
    },
    "AudioDescriptions": [
      {
        "AudioTypeControl": "FOLLOW_INPUT",
        "AudioSourceName": "Audio Selector 1",
        "CodecSettings": {
          "Codec": "AAC",
          "AacSettings": {
            "AudioDescriptionBroadcasterMix": "NORMAL",
            "Bitrate": 160000,
            "RateControlMode": "CBR",
            "CodecProfile": "LC",
            "CodingMode": "CODING_MODE_2_0",
            "RawFormat": "NONE",
            "SampleRate": 48000,
            "Specification": "MPEG4"
          }
        },
        "LanguageCodeControl": "FOLLOW_INPUT",
        "AudioType": 0
      }
    ],
    "ContainerSettings": {
      "Container": "MP4",
      "Mp4Settings": {
        "CslgAtom": "INCLUDE",
        "FreeSpaceBox": "EXCLUDE",
        "MoovPlacement": "PROGRESSIVE_DOWNLOAD"
      }
    }
  }
}
